<?xml version="1.0" encoding="UTF-8" standalone="no"?>
<!DOCTYPE properties SYSTEM "http://java.sun.com/dtd/properties.dtd">
<properties>
<entry key="org.eclipse.jdt.core.formatter.comment.insert_new_line_before_root_tags">insert</entry>
<entry key="org.eclipse.jdt.core.formatter.disabling_tag">@formatter:off</entry>
<entry key="org.eclipse.jdt.core.formatter.insert_space_after_comma_in_annotation">insert</entry>
<entry key="org.eclipse.jdt.core.formatter.insert_space_before_comma_in_type_parameters">do not insert</entry>
<entry key="org.eclipse.jdt.core.formatter.insert_space_before_opening_brace_in_type_declaration">insert</entry>
<entry key="org.eclipse.jdt.core.formatter.insert_space_after_comma_in_type_arguments">insert</entry>
<entry key="org.eclipse.jdt.core.formatter.brace_position_for_anonymous_type_declaration">end_of_line</entry>
<entry key="org.eclipse.jdt.core.formatter.insert_space_before_colon_in_case">do not insert</entry>
<entry key="org.eclipse.jdt.core.formatter.insert_space_after_opening_brace_in_array_initializer">insert</entry>
<entry key="org.eclipse.jdt.core.formatter.comment.new_lines_at_block_boundaries">true</entry>
<entry key="org.eclipse.jdt.core.formatter.insert_new_line_in_empty_annotation_declaration">do not insert</entry>
<entry key="org.eclipse.jdt.core.formatter.insert_new_line_before_closing_brace_in_array_initializer">do not insert</entry>
<entry key="org.eclipse.jdt.core.formatter.insert_space_after_opening_paren_in_annotation">do not insert</entry>
<entry key="org.eclipse.jdt.core.formatter.blank_lines_before_field">0</entry>
<entry key="org.eclipse.jdt.core.formatter.insert_space_after_opening_paren_in_while">do not insert</entry>
<entry key="org.eclipse.jdt.core.formatter.use_on_off_tags">false</entry>
<entry key="org.eclipse.jdt.core.formatter.insert_space_between_empty_parens_in_annotation_type_member_declaration">do not insert</entry>
<entry key="org.eclipse.jdt.core.formatter.insert_new_line_before_else_in_if_statement">insert</entry>
<entry key="org.eclipse.jdt.core.formatter.insert_space_after_prefix_operator">do not insert</entry>
<entry key="org.eclipse.jdt.core.formatter.keep_else_statement_on_same_line">true</entry>
<entry key="org.eclipse.jdt.core.formatter.insert_space_after_ellipsis">insert</entry>
<entry key="org.eclipse.jdt.core.formatter.comment.insert_new_line_for_parameter">insert</entry>
<entry key="org.eclipse.jdt.core.formatter.insert_space_before_opening_brace_in_annotation_type_declaration">insert</entry>
<entry key="org.eclipse.jdt.core.formatter.indent_breaks_compare_to_cases">true</entry>
<entry key="org.eclipse.jdt.core.formatter.insert_space_after_at_in_annotation">do not insert</entry>
<entry key="org.eclipse.jdt.core.formatter.alignment_for_multiple_fields">16</entry>
<entry key="org.eclipse.jdt.core.formatter.alignment_for_expressions_in_array_initializer">16</entry>
<entry key="org.eclipse.jdt.core.formatter.alignment_for_conditional_expression">80</entry>
<entry key="org.eclipse.jdt.core.formatter.insert_space_before_opening_paren_in_for">insert</entry>
<entry key="org.eclipse.jdt.core.formatter.insert_space_after_binary_operator">insert</entry>
<entry key="org.eclipse.jdt.core.formatter.insert_space_before_question_in_wildcard">do not insert</entry>
<entry key="org.eclipse.jdt.core.formatter.brace_position_for_array_initializer">end_of_line</entry>
<entry key="org.eclipse.jdt.core.formatter.insert_space_between_empty_parens_in_enum_constant">do not insert</entry>
<entry key="org.eclipse.jdt.core.formatter.insert_new_line_before_finally_in_try_statement">insert</entry>
<entry key="org.eclipse.jdt.core.formatter.insert_new_line_after_annotation_on_local_variable">do not insert</entry>
<entry key="org.eclipse.jdt.core.formatter.insert_new_line_before_catch_in_try_statement">insert</entry>
<entry key="org.eclipse.jdt.core.formatter.insert_space_before_opening_paren_in_while">insert</entry>
<entry key="org.eclipse.jdt.core.formatter.blank_lines_after_package">1</entry>
<entry key="org.eclipse.jdt.core.formatter.insert_space_after_comma_in_type_parameters">insert</entry>
<entry key="org.eclipse.jdt.core.formatter.continuation_indentation">3</entry>
<entry key="org.eclipse.jdt.core.formatter.insert_space_after_postfix_operator">do not insert</entry>
<entry key="org.eclipse.jdt.core.formatter.alignment_for_arguments_in_method_invocation">16</entry>
<entry key="org.eclipse.jdt.core.formatter.insert_space_before_closing_angle_bracket_in_type_arguments">do not insert</entry>
<entry key="org.eclipse.jdt.core.formatter.insert_space_before_comma_in_superinterfaces">do not insert</entry>
<entry key="org.eclipse.jdt.core.formatter.blank_lines_before_new_chunk">1</entry>
<entry key="org.eclipse.jdt.core.formatter.insert_space_before_binary_operator">insert</entry>
<entry key="org.eclipse.jdt.core.formatter.blank_lines_before_package">1</entry>
<entry key="org.eclipse.jdt.core.compiler.source">1.5</entry>
<entry key="org.eclipse.jdt.core.formatter.insert_space_after_comma_in_enum_constant_arguments">insert</entry>
<entry key="org.eclipse.jdt.core.formatter.insert_space_after_opening_paren_in_constructor_declaration">do not insert</entry>
<entry key="org.eclipse.jdt.core.formatter.comment.format_line_comments">true</entry>
<entry key="org.eclipse.jdt.core.formatter.insert_space_after_closing_angle_bracket_in_type_arguments">insert</entry>
<entry key="org.eclipse.jdt.core.formatter.insert_space_after_comma_in_enum_declarations">insert</entry>
<entry key="org.eclipse.jdt.core.formatter.join_wrapped_lines">true</entry>
<entry key="org.eclipse.jdt.core.formatter.insert_space_before_opening_brace_in_block">insert</entry>
<entry key="org.eclipse.jdt.core.formatter.alignment_for_arguments_in_explicit_constructor_call">16</entry>
<entry key="org.eclipse.jdt.core.formatter.insert_space_before_comma_in_method_invocation_arguments">do not insert</entry>
<entry key="org.eclipse.jdt.core.formatter.blank_lines_before_member_type">1</entry>
<entry key="org.eclipse.jdt.core.formatter.align_type_members_on_columns">true</entry>
<entry key="org.eclipse.jdt.core.formatter.insert_space_after_opening_paren_in_enum_constant">do not insert</entry>
<entry key="org.eclipse.jdt.core.formatter.insert_space_after_opening_paren_in_for">do not insert</entry>
<entry key="org.eclipse.jdt.core.formatter.insert_space_before_opening_brace_in_method_declaration">insert</entry>
<entry key="org.eclipse.jdt.core.formatter.alignment_for_selector_in_method_invocation">16</entry>
<entry key="org.eclipse.jdt.core.formatter.insert_space_after_opening_paren_in_switch">do not insert</entry>
<entry key="org.eclipse.jdt.core.formatter.insert_space_after_unary_operator">do not insert</entry>
<entry key="org.eclipse.jdt.core.formatter.insert_space_after_colon_in_case">insert</entry>
<entry key="org.eclipse.jdt.core.formatter.comment.indent_parameter_description">true</entry>
<entry key="org.eclipse.jdt.core.formatter.insert_space_before_closing_paren_in_method_declaration">do not insert</entry>
<entry key="org.eclipse.jdt.core.formatter.insert_space_before_closing_paren_in_switch">do not insert</entry>
<entry key="org.eclipse.jdt.core.formatter.insert_space_before_opening_brace_in_enum_declaration">insert</entry>
<entry key="org.eclipse.jdt.core.formatter.insert_space_before_opening_angle_bracket_in_type_parameters">do not insert</entry>
<entry key="org.eclipse.jdt.core.formatter.insert_new_line_in_empty_type_declaration">do not insert</entry>
<entry key="org.eclipse.jdt.core.formatter.comment.clear_blank_lines_in_block_comment">false</entry>
<entry key="org.eclipse.jdt.core.formatter.lineSplit">90</entry>
<entry key="org.eclipse.jdt.core.formatter.insert_space_before_opening_paren_in_if">insert</entry>
<entry key="org.eclipse.jdt.core.formatter.insert_space_between_brackets_in_array_type_reference">do not insert</entry>
<entry key="org.eclipse.jdt.core.formatter.insert_space_after_opening_paren_in_parenthesized_expression">do not insert</entry>
<entry key="org.eclipse.jdt.core.formatter.insert_space_before_comma_in_explicitconstructorcall_arguments">do not insert</entry>
<entry key="org.eclipse.jdt.core.formatter.insert_space_before_opening_brace_in_constructor_declaration">insert</entry>
<entry key="org.eclipse.jdt.core.formatter.blank_lines_before_first_class_body_declaration">0</entry>
<entry key="org.eclipse.jdt.core.formatter.indentation.size">3</entry>
<entry key="org.eclipse.jdt.core.formatter.insert_space_between_empty_parens_in_method_declaration">do not insert</entry>
<entry key="org.eclipse.jdt.core.formatter.enabling_tag">@formatter:on</entry>
<entry key="org.eclipse.jdt.core.formatter.insert_space_before_opening_paren_in_enum_constant">do not insert</entry>
<entry key="org.eclipse.jdt.core.formatter.alignment_for_superclass_in_type_declaration">16</entry>
<entry key="org.eclipse.jdt.core.formatter.alignment_for_assignment">0</entry>
<entry key="org.eclipse.jdt.core.compiler.problem.assertIdentifier">error</entry>
<entry key="org.eclipse.jdt.core.formatter.tabulation.char">mixed</entry>
<entry key="org.eclipse.jdt.core.formatter.insert_space_after_comma_in_constructor_declaration_parameters">do not insert</entry>
<entry key="org.eclipse.jdt.core.formatter.insert_space_before_prefix_operator">do not insert</entry>
<entry key="org.eclipse.jdt.core.formatter.indent_statements_compare_to_body">true</entry>
<entry key="org.eclipse.jdt.core.formatter.blank_lines_before_method">1</entry>
<entry key="org.eclipse.jdt.core.formatter.wrap_outer_expressions_when_nested">true</entry>
<entry key="org.eclipse.jdt.core.formatter.format_guardian_clause_on_one_line">false</entry>
<entry key="org.eclipse.jdt.core.formatter.insert_space_before_colon_in_for">insert</entry>
<entry key="org.eclipse.jdt.core.formatter.insert_space_before_closing_paren_in_cast">do not insert</entry>
<entry key="org.eclipse.jdt.core.formatter.alignment_for_parameters_in_constructor_declaration">16</entry>
<entry key="org.eclipse.jdt.core.formatter.insert_space_after_colon_in_labeled_statement">insert</entry>
<entry key="org.eclipse.jdt.core.formatter.brace_position_for_annotation_type_declaration">end_of_line</entry>
<entry key="org.eclipse.jdt.core.formatter.insert_new_line_in_empty_method_body">do not insert</entry>
<entry key="org.eclipse.jdt.core.formatter.alignment_for_method_declaration">0</entry>
<entry key="org.eclipse.jdt.core.formatter.insert_space_before_closing_paren_in_method_invocation">do not insert</entry>
<entry key="org.eclipse.jdt.core.formatter.insert_space_after_opening_bracket_in_array_allocation_expression">do not insert</entry>
<entry key="org.eclipse.jdt.core.formatter.insert_space_before_opening_brace_in_enum_constant">insert</entry>
<entry key="org.eclipse.jdt.core.formatter.insert_space_before_comma_in_annotation">do not insert</entry>
<entry key="org.eclipse.jdt.core.formatter.insert_space_after_at_in_annotation_type_declaration">do not insert</entry>
<entry key="org.eclipse.jdt.core.formatter.insert_space_before_comma_in_method_declaration_throws">do not insert</entry>
<entry key="org.eclipse.jdt.core.formatter.insert_space_before_closing_paren_in_if">do not insert</entry>
<entry key="org.eclipse.jdt.core.formatter.brace_position_for_switch">end_of_line</entry>
<entry key="org.eclipse.jdt.core.formatter.insert_space_after_comma_in_method_declaration_throws">insert</entry>
<entry key="org.eclipse.jdt.core.formatter.insert_space_before_parenthesized_expression_in_return">insert</entry>
<entry key="org.eclipse.jdt.core.formatter.insert_space_before_opening_paren_in_annotation">do not insert</entry>
<entry key="org.eclipse.jdt.core.formatter.insert_space_after_question_in_conditional">insert</entry>
<entry key="org.eclipse.jdt.core.formatter.insert_space_after_question_in_wildcard">do not insert</entry>
<entry key="org.eclipse.jdt.core.formatter.insert_space_before_closing_bracket_in_array_allocation_expression">do not insert</entry>
<entry key="org.eclipse.jdt.core.formatter.insert_space_before_parenthesized_expression_in_throw">insert</entry>
<entry key="org.eclipse.jdt.core.formatter.insert_space_before_comma_in_type_arguments">do not insert</entry>
<entry key="org.eclipse.jdt.core.compiler.problem.enumIdentifier">error</entry>
<entry key="org.eclipse.jdt.core.formatter.indent_switchstatements_compare_to_switch">true</entry>
<entry key="org.eclipse.jdt.core.formatter.insert_space_before_ellipsis">do not insert</entry>
<entry key="org.eclipse.jdt.core.formatter.brace_position_for_block">end_of_line</entry>
<entry key="org.eclipse.jdt.core.formatter.insert_space_before_comma_in_for_inits">do not insert</entry>
<entry key="org.eclipse.jdt.core.formatter.brace_position_for_method_declaration">next_line</entry>
<entry key="org.eclipse.jdt.core.formatter.compact_else_if">true</entry>
<entry key="org.eclipse.jdt.core.formatter.insert_space_before_comma_in_array_initializer">do not insert</entry>
<entry key="org.eclipse.jdt.core.formatter.insert_space_after_comma_in_for_increments">insert</entry>
<entry key="org.eclipse.jdt.core.formatter.format_line_comment_starting_on_first_column">true</entry>
<entry key="org.eclipse.jdt.core.formatter.insert_space_before_closing_bracket_in_array_reference">do not insert</entry>
<entry key="org.eclipse.jdt.core.formatter.brace_position_for_enum_constant">end_of_line</entry>
<entry key="org.eclipse.jdt.core.formatter.comment.indent_root_tags">true</entry>
<entry key="org.eclipse.jdt.core.formatter.insert_space_before_comma_in_enum_declarations">do not insert</entry>
<entry key="org.eclipse.jdt.core.formatter.insert_space_after_comma_in_explicitconstructorcall_arguments">do not insert</entry>
<entry key="org.eclipse.jdt.core.formatter.insert_space_before_opening_brace_in_switch">insert</entry>
<entry key="org.eclipse.jdt.core.formatter.insert_space_after_comma_in_superinterfaces">insert</entry>
<entry key="org.eclipse.jdt.core.formatter.insert_space_before_comma_in_method_declaration_parameters">do not insert</entry>
<entry key="org.eclipse.jdt.core.formatter.insert_space_before_comma_in_allocation_expression">do not insert</entry>
<entry key="org.eclipse.jdt.core.formatter.tabulation.size">8</entry>
<entry key="org.eclipse.jdt.core.formatter.insert_space_before_opening_bracket_in_array_type_reference">do not insert</entry>
<entry key="org.eclipse.jdt.core.formatter.insert_new_line_after_opening_brace_in_array_initializer">do not insert</entry>
<entry key="org.eclipse.jdt.core.formatter.insert_space_after_closing_brace_in_block">insert</entry>
<entry key="org.eclipse.jdt.core.formatter.insert_space_before_opening_bracket_in_array_reference">do not insert</entry>
<entry key="org.eclipse.jdt.core.formatter.insert_new_line_in_empty_enum_constant">do not insert</entry>
<entry key="org.eclipse.jdt.core.formatter.insert_space_after_opening_angle_bracket_in_type_arguments">do not insert</entry>
<entry key="org.eclipse.jdt.core.formatter.insert_space_before_opening_paren_in_constructor_declaration">do not insert</entry>
<entry key="org.eclipse.jdt.core.formatter.insert_space_after_opening_paren_in_if">do not insert</entry>
<entry key="org.eclipse.jdt.core.formatter.insert_space_before_comma_in_constructor_declaration_throws">do not insert</entry>
<entry key="org.eclipse.jdt.core.formatter.comment.clear_blank_lines_in_javadoc_comment">true</entry>
<entry key="org.eclipse.jdt.core.formatter.alignment_for_throws_clause_in_constructor_declaration">16</entry>
<entry key="org.eclipse.jdt.core.formatter.insert_space_after_assignment_operator">insert</entry>
<entry key="org.eclipse.jdt.core.formatter.insert_space_before_assignment_operator">insert</entry>
<entry key="org.eclipse.jdt.core.formatter.indent_empty_lines">false</entry>
<entry key="org.eclipse.jdt.core.formatter.insert_space_after_opening_paren_in_synchronized">do not insert</entry>
<entry key="org.eclipse.jdt.core.formatter.insert_space_after_closing_paren_in_cast">insert</entry>
<entry key="org.eclipse.jdt.core.formatter.insert_space_after_comma_in_method_declaration_parameters">do not insert</entry>
<entry key="org.eclipse.jdt.core.formatter.brace_position_for_block_in_case">end_of_line</entry>
<entry key="org.eclipse.jdt.core.formatter.number_of_empty_lines_to_preserve">2</entry>
<entry key="org.eclipse.jdt.core.formatter.insert_space_before_opening_paren_in_method_declaration">do not insert</entry>
<entry key="org.eclipse.jdt.core.formatter.insert_space_after_opening_paren_in_catch">do not insert</entry>
<entry key="org.eclipse.jdt.core.formatter.insert_space_before_closing_paren_in_constructor_declaration">do not insert</entry>
<entry key="org.eclipse.jdt.core.formatter.insert_space_before_opening_paren_in_method_invocation">do not insert</entry>
<entry key="org.eclipse.jdt.core.formatter.insert_space_after_opening_bracket_in_array_reference">do not insert</entry>
<entry key="org.eclipse.jdt.core.formatter.insert_space_after_and_in_type_parameter">insert</entry>
<entry key="org.eclipse.jdt.core.formatter.alignment_for_arguments_in_qualified_allocation_expression">16</entry>
<entry key="org.eclipse.jdt.core.compiler.compliance">1.5</entry>
<entry key="org.eclipse.jdt.core.formatter.continuation_indentation_for_array_initializer">3</entry>
<entry key="org.eclipse.jdt.core.formatter.insert_space_between_empty_brackets_in_array_allocation_expression">do not insert</entry>
<entry key="org.eclipse.jdt.core.formatter.insert_space_before_at_in_annotation_type_declaration">insert</entry>
<entry key="org.eclipse.jdt.core.formatter.alignment_for_arguments_in_allocation_expression">16</entry>
<entry key="org.eclipse.jdt.core.formatter.insert_space_after_opening_paren_in_cast">do not insert</entry>
<entry key="org.eclipse.jdt.core.formatter.insert_space_before_unary_operator">do not insert</entry>
<entry key="org.eclipse.jdt.core.formatter.insert_space_before_closing_angle_bracket_in_parameterized_type_reference">do not insert</entry>
<entry key="org.eclipse.jdt.core.formatter.insert_space_before_opening_brace_in_anonymous_type_declaration">insert</entry>
<entry key="org.eclipse.jdt.core.formatter.keep_empty_array_initializer_on_one_line">false</entry>
<entry key="org.eclipse.jdt.core.formatter.insert_new_line_in_empty_enum_declaration">do not insert</entry>
<entry key="org.eclipse.jdt.core.formatter.keep_imple_if_on_one_line">false</entry>
<entry key="org.eclipse.jdt.core.formatter.insert_space_before_comma_in_constructor_declaration_parameters">do not insert</entry>
<entry key="org.eclipse.jdt.core.formatter.insert_space_after_closing_angle_bracket_in_type_parameters">insert</entry>
<entry key="org.eclipse.jdt.core.formatter.insert_new_line_at_end_of_file_if_missing">do not insert</entry>
<entry key="org.eclipse.jdt.core.formatter.insert_space_after_colon_in_for">insert</entry>
<entry key="org.eclipse.jdt.core.formatter.insert_space_before_colon_in_labeled_statement">do not insert</entry>
<entry key="org.eclipse.jdt.core.formatter.insert_space_before_comma_in_parameterized_type_reference">do not insert</entry>
<entry key="org.eclipse.jdt.core.formatter.alignment_for_superinterfaces_in_type_declaration">16</entry>
<entry key="org.eclipse.jdt.core.formatter.alignment_for_binary_expression">16</entry>
<entry key="org.eclipse.jdt.core.formatter.brace_position_for_enum_declaration">end_of_line</entry>
<entry key="org.eclipse.jdt.core.formatter.insert_space_before_closing_paren_in_while">do not insert</entry>
<entry key="org.eclipse.jdt.core.compiler.codegen.inlineJsrBytecode">enabled</entry>
<entry key="org.eclipse.jdt.core.formatter.put_empty_statement_on_new_line">true</entry>
<entry key="org.eclipse.jdt.core.formatter.insert_new_line_after_label">do not insert</entry>
<entry key="org.eclipse.jdt.core.formatter.insert_new_line_after_annotation_on_parameter">do not insert</entry>
<entry key="org.eclipse.jdt.core.formatter.insert_space_after_opening_angle_bracket_in_type_parameters">do not insert</entry>
<entry key="org.eclipse.jdt.core.formatter.insert_space_between_empty_parens_in_method_invocation">do not insert</entry>
<entry key="org.eclipse.jdt.core.formatter.insert_new_line_before_while_in_do_statement">insert</entry>
<entry key="org.eclipse.jdt.core.formatter.alignment_for_arguments_in_enum_constant">16</entry>
<entry key="org.eclipse.jdt.core.formatter.comment.format_javadoc_comments">false</entry>
<entry key="org.eclipse.jdt.core.formatter.comment.line_length">90</entry>
<entry key="org.eclipse.jdt.core.formatter.blank_lines_between_import_groups">1</entry>
<entry key="org.eclipse.jdt.core.formatter.insert_space_before_comma_in_enum_constant_arguments">do not insert</entry>
<entry key="org.eclipse.jdt.core.formatter.insert_space_before_semicolon">do not insert</entry>
<entry key="org.eclipse.jdt.core.formatter.brace_position_for_constructor_declaration">next_line</entry>
<entry key="org.eclipse.jdt.core.formatter.number_of_blank_lines_at_beginning_of_method_body">0</entry>
<entry key="org.eclipse.jdt.core.formatter.insert_space_before_colon_in_conditional">insert</entry>
<entry key="org.eclipse.jdt.core.formatter.indent_body_declarations_compare_to_type_header">false</entry>
<entry key="org.eclipse.jdt.core.formatter.insert_space_before_opening_paren_in_annotation_type_member_declaration">do not insert</entry>
<entry key="org.eclipse.jdt.core.formatter.wrap_before_binary_operator">true</entry>
<entry key="org.eclipse.jdt.core.formatter.indent_body_declarations_compare_to_enum_declaration_header">true</entry>
<entry key="org.eclipse.jdt.core.formatter.blank_lines_between_type_declarations">1</entry>
<entry key="org.eclipse.jdt.core.formatter.insert_space_before_closing_paren_in_synchronized">do not insert</entry>
<entry key="org.eclipse.jdt.core.formatter.indent_statements_compare_to_block">true</entry>
<entry key="org.eclipse.jdt.core.formatter.alignment_for_superinterfaces_in_enum_declaration">16</entry>
<entry key="org.eclipse.jdt.core.formatter.join_lines_in_comments">true</entry>
<entry key="org.eclipse.jdt.core.formatter.insert_space_before_question_in_conditional">insert</entry>
<entry key="org.eclipse.jdt.core.formatter.insert_space_before_comma_in_multiple_field_declarations">do not insert</entry>
<entry key="org.eclipse.jdt.core.formatter.alignment_for_compact_if">16</entry>
<entry key="org.eclipse.jdt.core.formatter.insert_space_after_comma_in_for_inits">insert</entry>
<entry key="org.eclipse.jdt.core.formatter.indent_switchstatements_compare_to_cases">true</entry>
<entry key="org.eclipse.jdt.core.formatter.insert_space_after_comma_in_array_initializer">insert</entry>
<entry key="org.eclipse.jdt.core.formatter.insert_space_before_colon_in_default">do not insert</entry>
<entry key="org.eclipse.jdt.core.formatter.insert_space_before_and_in_type_parameter">insert</entry>
<entry key="org.eclipse.jdt.core.formatter.insert_space_between_empty_parens_in_constructor_declaration">do not insert</entry>
<entry key="org.eclipse.jdt.core.formatter.blank_lines_before_imports">1</entry>
<entry key="org.eclipse.jdt.core.formatter.insert_space_after_colon_in_assert">insert</entry>
<entry key="org.eclipse.jdt.core.formatter.comment.format_html">true</entry>
<entry key="org.eclipse.jdt.core.formatter.alignment_for_throws_clause_in_method_declaration">16</entry>
<entry key="org.eclipse.jdt.core.formatter.insert_space_before_closing_angle_bracket_in_type_parameters">do not insert</entry>
<entry key="org.eclipse.jdt.core.formatter.insert_space_before_opening_bracket_in_array_allocation_expression">do not insert</entry>
<entry key="org.eclipse.jdt.core.formatter.insert_new_line_in_empty_anonymous_type_declaration">do not insert</entry>
<entry key="org.eclipse.jdt.core.formatter.insert_space_after_colon_in_conditional">insert</entry>
<entry key="org.eclipse.jdt.core.formatter.insert_space_after_opening_angle_bracket_in_parameterized_type_reference">do not insert</entry>
<entry key="org.eclipse.jdt.core.formatter.insert_space_before_closing_paren_in_for">do not insert</entry>
<entry key="org.eclipse.jdt.core.formatter.insert_space_before_postfix_operator">do not insert</entry>
<entry key="org.eclipse.jdt.core.formatter.comment.format_source_code">true</entry>
<entry key="org.eclipse.jdt.core.formatter.insert_space_before_opening_paren_in_synchronized">insert</entry>
<entry key="org.eclipse.jdt.core.formatter.insert_space_after_comma_in_allocation_expression">do not insert</entry>
<entry key="org.eclipse.jdt.core.formatter.insert_space_after_comma_in_constructor_declaration_throws">insert</entry>
<entry key="org.eclipse.jdt.core.formatter.alignment_for_parameters_in_method_declaration">16</entry>
<entry key="org.eclipse.jdt.core.formatter.insert_space_before_closing_brace_in_array_initializer">insert</entry>
<entry key="org.eclipse.jdt.core.compiler.codegen.targetPlatform">1.5</entry>
<entry key="org.eclipse.jdt.core.formatter.use_tabs_only_for_leading_indentations">false</entry>
<entry key="org.eclipse.jdt.core.formatter.alignment_for_arguments_in_annotation">0</entry>
<entry key="org.eclipse.jdt.core.formatter.insert_new_line_after_annotation_on_member">do not insert</entry>
<entry key="org.eclipse.jdt.core.formatter.comment.format_header">false</entry>
<entry key="org.eclipse.jdt.core.formatter.comment.format_block_comments">false</entry>
<entry key="org.eclipse.jdt.core.formatter.insert_space_before_closing_paren_in_enum_constant">do not insert</entry>
<entry key="org.eclipse.jdt.core.formatter.alignment_for_enum_constants">0</entry>
<entry key="org.eclipse.jdt.core.formatter.insert_new_line_in_empty_block">do not insert</entry>
<entry key="org.eclipse.jdt.core.formatter.indent_body_declarations_compare_to_annotation_declaration_header">true</entry>
<entry key="org.eclipse.jdt.core.formatter.insert_space_before_closing_paren_in_parenthesized_expression">do not insert</entry>
<entry key="org.eclipse.jdt.core.formatter.insert_space_before_opening_paren_in_parenthesized_expression">do not insert</entry>
<entry key="org.eclipse.jdt.core.formatter.insert_space_before_closing_paren_in_catch">do not insert</entry>
<entry key="org.eclipse.jdt.core.formatter.insert_space_before_comma_in_multiple_local_declarations">do not insert</entry>
<entry key="org.eclipse.jdt.core.formatter.insert_space_before_opening_paren_in_switch">insert</entry>
<entry key="org.eclipse.jdt.core.formatter.insert_space_before_comma_in_for_increments">do not insert</entry>
<entry key="org.eclipse.jdt.core.formatter.insert_space_after_opening_paren_in_method_invocation">do not insert</entry>
<entry key="org.eclipse.jdt.core.formatter.insert_space_before_colon_in_assert">insert</entry>
<entry key="org.eclipse.jdt.core.formatter.brace_position_for_type_declaration">end_of_line</entry>
<entry key="org.eclipse.jdt.core.formatter.insert_space_before_opening_brace_in_array_initializer">insert</entry>
<entry key="org.eclipse.jdt.core.formatter.insert_space_between_empty_braces_in_array_initializer">do not insert</entry>
<entry key="org.eclipse.jdt.core.formatter.insert_space_after_opening_paren_in_method_declaration">do not insert</entry>
<entry key="org.eclipse.jdt.core.formatter.insert_space_before_semicolon_in_for">do not insert</entry>
<entry key="org.eclipse.jdt.core.formatter.insert_space_before_opening_paren_in_catch">insert</entry>
<entry key="org.eclipse.jdt.core.formatter.insert_space_before_opening_angle_bracket_in_parameterized_type_reference">do not insert</entry>
<entry key="org.eclipse.jdt.core.formatter.insert_space_after_comma_in_multiple_field_declarations">insert</entry>
<entry key="org.eclipse.jdt.core.formatter.insert_space_before_closing_paren_in_annotation">do not insert</entry>
<entry key="org.eclipse.jdt.core.formatter.insert_space_after_comma_in_parameterized_type_reference">insert</entry>
<entry key="org.eclipse.jdt.core.formatter.insert_space_after_comma_in_method_invocation_arguments">insert</entry>
<entry key="org.eclipse.jdt.core.formatter.comment.new_lines_at_javadoc_boundaries">true</entry>
<entry key="org.eclipse.jdt.core.formatter.blank_lines_after_imports">2</entry>
<entry key="org.eclipse.jdt.core.formatter.insert_space_after_comma_in_multiple_local_declarations">insert</entry>
<entry key="org.eclipse.jdt.core.formatter.indent_body_declarations_compare_to_enum_constant_header">true</entry>
<entry key="org.eclipse.jdt.core.formatter.insert_space_after_semicolon_in_for">insert</entry>
<entry key="org.eclipse.jdt.core.formatter.never_indent_line_comments_on_first_column">true</entry>
<entry key="org.eclipse.jdt.core.formatter.insert_space_before_opening_angle_bracket_in_type_arguments">do not insert</entry>
<entry key="org.eclipse.jdt.core.formatter.never_indent_block_comments_on_first_column">true</entry>
<entry key="org.eclipse.jdt.core.formatter.keep_then_statement_on_same_line">true</entry>
</properties>
